swarm_size,task,avg_reward
50,memory,-0.9206147648258718
100,nav,0.085
200,nav,0.16666666666666666
200,memory,-0.8770399039547832
