swarm_size,task,avg_reward
50,nav,0.21
50,game,0.1175
50,memory,-0.9440763568687177
100,nav,0.1417910447761194
100,game,0.2725
100,memory,-0.9267436146659862
200,nav,0.27759197324414714
200,game,-0.035
200,memory,-0.8968781376940839
